<?xml version="1.0" encoding="UTF-8"?>

<PropertyList>
<sim>
    <model>
			<livery>
				<name type="string">LucasAir</name>
				<texture>Liveries/LAX.png</texture>
			</livery>
			<nightlights>
				<name type="string">LucasAir</name>
				<texture>Liveries/LAX-light.png</texture>
			</nightlights>
			<turbofans>
				<name type="string">LucasAir</name>
				<texture>Liveries/LAX-turbofan.png</texture>
			</turbofans>
			<wings>
				<name type="string">FGBr</name>
				<texture>Liveries/wings.png</texture>
			</wings>
    </model>
</sim>
</PropertyList>
